"","AUC","COR","MaxKappa","TSS"
"GAM",0.9140625,0.881892079092997,0.875,0.875
"MaxEnt",1,0.873228016059367,1,1
"BRT",0.9375,0.401731405049235,0.625,0.625
"Ensemble",1,0.886931952251668,1,1
