"","AUC","COR","MaxKappa","TSS"
"GAM",0.96299230421005,0.865483870332854,0.893617021276596,0.893617021276596
"MaxEnt",0.97894975101856,0.916178400420649,0.925531914893617,0.925531914893617
"BRT",0.987550928021729,0.886368638560799,0.946808510638298,0.946808510638298
"Ensemble",0.976573110004527,0.912459320813723,0.925531914893617,0.925531914893617
