"","AUC","COR","MaxKappa","TSS"
"GAM",0.880177514792899,0.752929642883935,0.807692307692308,0.807692307692308
"MaxEnt",0.903846153846154,0.753957464160472,0.807692307692308,0.807692307692308
"BRT",0.988165680473373,0.92730425321648,0.961538461538462,0.961538461538462
"Ensemble",0.95414201183432,0.857559860303496,0.923076923076923,0.923076923076923
