"","AUC","COR","MaxKappa","TSS"
"GAM",0.861454046639232,0.64838939855511,0.62962962962963,0.62962962962963
"MaxEnt",0.934156378600823,0.757456778115941,0.740740740740741,0.740740740740741
"BRT",0.921810699588477,0.496852852819032,0.62962962962963,0.62962962962963
"Ensemble",0.925925925925926,0.740617120780652,0.777777777777778,0.777777777777778
