"","AUC","COR","MaxKappa","TSS"
"GAM",0.906338528790756,0.738507330738121,0.742671009771987,0.742671009771987
"MaxEnt",0.905882290528282,0.738234559361007,0.729641693811075,0.729641693811075
"BRT",0.924556228713302,0.766167134796687,0.758957654723127,0.758957654723127
"Ensemble",0.917245806321553,0.765589232715966,0.749185667752443,0.749185667752443
