"","AUC","COR","MaxKappa","TSS"
"GAM",0.8725,0.608598026504801,0.6,0.6
"MaxEnt",0.92,0.73003413043272,0.75,0.75
"BRT",0.94,0.706332428186618,0.8,0.8
"Ensemble",0.92,0.740337494593742,0.7,0.7
