"","AUC","COR","MaxKappa","TSS"
"GAM",0.736111111111111,0.421934965847657,0.388888888888889,0.388888888888889
"MaxEnt",0.5,NA,0,-Inf
"BRT",0.705246913580247,0.33597067904071,0.333333333333333,0.333333333333333
"Ensemble",0.736111111111111,0.418849513994094,0.388888888888889,0.388888888888889
