"","AUC","COR","MaxKappa","TSS"
"GAM",0.756989886972041,0.468039508191983,0.48780487804878,0.48780487804878
"MaxEnt",0.74330755502677,0.44611528663928,0.463414634146341,0.463414634146341
"BRT",0.774836406900654,0.495621847530822,0.536585365853659,0.536585365853659
"Ensemble",0.756989886972041,0.530427541777826,0.536585365853659,0.536585365853659
