"","AUC","COR","MaxKappa","TSS"
"GAM",0.908819444444444,0.728110842138349,0.7,0.7
"MaxEnt",0.965972222222222,0.830464593026432,0.841666666666667,0.841666666666667
"BRT",0.998402777777778,0.923980732045085,0.966666666666667,0.966666666666667
"Ensemble",0.981736111111111,0.879643205005154,0.916666666666667,0.916666666666667
