"","AUC","COR","MaxKappa","TSS"
"GAM",0.961218836565097,0.81712545632129,0.842105263157895,0.842105263157895
"MaxEnt",0.958448753462604,0.699048927377427,0.894736842105263,0.894736842105263
"BRT",0.994459833795014,0.695804020777597,0.842105263157895,0.842105263157895
"Ensemble",0.977839335180055,0.815898909610941,0.842105263157895,0.842105263157895
