"","AUC","COR","MaxKappa","TSS"
"GAM",0.851851851851852,0.558848518852468,0.666666666666667,0.666666666666667
"MaxEnt",0.901234567901235,0.644981133009604,0.666666666666667,0.666666666666667
"BRT",0.888888888888889,0.44857281790411,0.555555555555556,0.555555555555556
"Ensemble",0.901234567901235,0.632438824494003,0.666666666666667,0.666666666666667
