"","AUC","COR","MaxKappa","TSS"
"GAM",0.858737244897959,0.647653113417556,0.660714285714286,0.660714285714286
"MaxEnt",0.89859693877551,0.676796537032159,0.714285714285714,0.714285714285714
"BRT",0.913265306122449,0.513121108095188,0.696428571428572,0.696428571428572
"Ensemble",0.889668367346939,0.674685131707122,0.714285714285714,0.714285714285714
