"","AUC","COR","MaxKappa","TSS"
"GAM",0.91117979037893,0.737959656897871,0.721311475409836,0.721311475409836
"MaxEnt",0.938054286482128,0.775427602819242,0.819672131147541,0.819672131147541
"BRT",0.929723192690137,0.639072228895218,0.80327868852459,0.80327868852459
"Ensemble",0.932141897339425,0.760525804450015,0.770491803278689,0.770491803278689
