"","AUC","COR","MaxKappa","TSS"
"GAM",0.96875,0.771063763129048,0.875,0.875
"MaxEnt",0.984375,0.668428175879212,0.875,0.875
"BRT",1,0.431341656516748,0.375,0.375
"Ensemble",0.96875,0.70838382073372,0.875,0.875
