"","AUC","COR","MaxKappa","TSS"
"GAM",0.786664892201224,0.490906977377192,0.446455505279035,0.446455505279035
"MaxEnt",0.803331217624537,0.524078683146071,0.475113122171946,0.475113122171946
"BRT",0.832259554245181,0.577134442300018,0.536953242835596,0.536953242835596
"Ensemble",0.814974440872764,0.55155576481407,0.503770739064857,0.503770739064857
