"","AUC","COR","MaxKappa","TSS"
"GAM",0.78125,0.499983700440919,0.5,0.5
"MaxEnt",1,0.867746800962325,1,1
"BRT",0.921875,0.419573536657112,0.75,0.75
"Ensemble",0.9375,0.721135430311675,0.75,0.75
