"","AUC","COR","MaxKappa","TSS"
"GAM",0.949513888888889,0.808562283130565,0.8,0.8
"MaxEnt",0.952152777777778,0.803421879278787,0.791666666666667,0.791666666666667
"BRT",0.972708333333333,0.824409914195783,0.858333333333333,0.858333333333333
"Ensemble",0.962986111111111,0.833197800448545,0.816666666666667,0.816666666666667
