"","AUC","COR","MaxKappa","TSS"
"GAM",0.458412098298677,0.0441692328960973,0,-Inf
"MaxEnt",0.950850661625709,0.757624289667076,0.826086956521739,0.826086956521739
"BRT",0.911153119092628,0.602551832496544,0.608695652173913,0.608695652173913
"Ensemble",0.943289224952741,0.70065416866698,0.782608695652174,0.782608695652174
