"","AUC","COR","MaxKappa","TSS"
"GAM",0.826171875,0.564599152090028,0.541666666666667,0.541666666666667
"MaxEnt",0.862196180555556,0.646017421432792,0.625,0.625
"BRT",0.874782986111111,0.500921083962863,0.625,0.625
"Ensemble",0.852647569444444,0.626012978083463,0.604166666666667,0.604166666666667
