"","AUC","COR","MaxKappa","TSS"
"GAM",0.938612042496885,0.787959368582681,0.761648745519713,0.761648745519713
"MaxEnt",0.947726776377487,0.81292603994356,0.797491039426523,0.797491039426523
"BRT",0.95740355339731,0.829928190654532,0.817204301075269,0.817204301075269
"Ensemble",0.952637427576727,0.824289714250472,0.801075268817204,0.801075268817204
